"DESCRIPTION","DURATION IN MS","NAME","PARENT SUITE","START TIME","STATUS","STOP TIME","SUB SUITE","SUITE","TEST CLASS","TEST METHOD"
"","3555","Extract and validate datepicker years","","2026-06-09","passed","2026-06-09","","","",""
"","3302","Validate radio button labels","","2026-06-09","passed","2026-06-09","","","",""
"","3963","Validate truncated modal text","","2026-06-09","passed","2026-06-09","","","",""
"","3592","Extract and validate hobbies","","2026-06-09","passed","2026-06-09","","","",""
"","3241","Capture and validate alert message","","2026-06-09","passed","2026-06-09","","","",""
"","3666","Extract and validate reversed labels","","2026-06-09","passed","2026-06-09","","","",""
"","3700","Process and validate subject names","","2026-06-09","passed","2026-06-09","","","",""
"","15666","Reverse and validate accordion titles","","2026-06-09","passed","2026-06-09","","","",""
"","22149","Extract and validate progress bar values","","2026-06-09","passed","2026-06-09","","","",""
